productTitle,price,sold,tagText
"Dresser For Bedroom With 9 Fabric Drawers Wardrobe Steel Frame Assembly Closet For Clothes Storage Display Cabinet Of Furniture",$46.79,600,others
"Outdoor Conversation Set 4 Pieces Patio Furniture, Wicker Patio Chair Sofa Set w/ Water-Resistant Dark-Brown Cushion & Tempered",$169.72,0,others
"Desser For Bedroom With 7 Fabric Drawers Organizer Storage Closet Chest Clothes For Living Room Display Cabinet Of Furniture",$39.46,7,others
"Modern Accent Boucle Chair,Upholstered Tufted Creative Furniture Sofa Couch Lounge Reading Chair for Living Room Home Decorative",$111.99,0,others
"Small Unit Simple Computer Desk Household Wooden Minimalist Tea Table Wooden Minimalist Small Makeup Table Home Furniture",$21.37,1,others
"3 Pieces Patio Furniture Set, Outdoor Swivel Glider Rocker, Wicker Bistro Set with Rattan Rocking Chair, Glass Top Table",$123.4,53,others
"5-Piece Patio Furniture Set Outdoor Couch with Glass Coffee Table and Two Pillows, Outdoor Sectional Conversation Set",$198.31,1,others
"Living Room Furniture, Modern 3-Piece Including Three-Seater, Loveseat and Single Chair,Dutch Velvet Upholstered Sofa Set",$734.58,5,others
"TV Stand Dresser For Bedroom With 5 Fabric Drawers Organizer Storage Closet Chest Clothes Storage Display Cabinet Of Furniture",$43.96,3,others
"Outdoor Furniture Set 3 Pieces Wicker Patio Furniture Outdoor Sectional Patio Couch Outdoor Coffee Table,Khaki",$233.3,0,others
